Annual Distance (miles/vehicle),2020.0
LDVs,13825.204063317
HDVs,11398.57939855
aircraft,1410386.367652909
rail,0.0
ships,236.245009097
motorbikes,2350.272513186
