Annual Distance (miles/vehicle),2020.0
LDVs,12061.890799538
HDVs,41881.495273987
aircraft,1101318.448153492
rail,22344.789339871
ships,271406.515270935
motorbikes,0.0
