Annual Distance (miles/vehicle),2020.0
LDVs,13753.958355705
HDVs,20050.587439884
aircraft,632880.681204829
rail,0.0
ships,251.344001602
motorbikes,2711.6649245
