Annual Distance (miles/vehicle),2020.0
LDVs,12320.525564793
HDVs,40340.370900105
aircraft,1606438.783254562
rail,22316.315151429
ships,273889.818742487
motorbikes,0.0
