Annual Distance (miles/vehicle),2020.0
LDVs,12413.025151282
HDVs,40202.14906112
aircraft,615124.552205919
rail,22239.563442763
ships,274946.519087072
motorbikes,0.0
