Annual Distance (miles/vehicle),2020.0
LDVs,13652.068983133
HDVs,20119.478288815
aircraft,1652810.398070324
rail,0.0
ships,249.70346462
motorbikes,2690.949151833
