natural gas combined cycle,Hour0,Hour1,Hour2,Hour3,Hour4,Hour5,Hour6,Hour7,Hour8,Hour9,Hour10,Hour11,Hour12,Hour13,Hour14,Hour15,Hour16,Hour17,Hour18,Hour19,Hour20,Hour21,Hour22,Hour23
Winter,0.644846643,0.624935099,0.626361944,0.628676766,0.668459066,0.737259765,0.792110009,0.776524973,0.706748848,0.682343156,0.671973295,0.660115409,0.642600606,0.618787704,0.612499976,0.664312988,0.790990447,0.872919989,0.889551655,0.884757137,0.86706225,0.824195364,0.762255828,0.697512375
Spring,0.483242323,0.450456075,0.448678567,0.448909289,0.47832458,0.544468695,0.545544533,0.495474031,0.487820464,0.493849905,0.526222237,0.579762638,0.601110446,0.605685562,0.626594394,0.662350644,0.72642172,0.810052727,0.840531758,0.835764373,0.828318629,0.803421854,0.742391206,0.569624708
Summer,0.62989193,0.567903244,0.544856579,0.543479042,0.550946524,0.571235832,0.556016681,0.572362076,0.604651715,0.674908818,0.767053445,0.860102723,0.908471388,0.936141368,0.9560181,0.970637806,0.986855728,1.0,1.0,1.0,0.989685732,0.946393163,0.854404794,0.714555826
Fall,0.426415756,0.415602504,0.412091488,0.407427728,0.416257399,0.496611965,0.507317696,0.464185243,0.455197876,0.493671782,0.528381837,0.572577109,0.604865032,0.624204943,0.634564004,0.677098907,0.76322306,0.804253335,0.811718479,0.79799502,0.774942737,0.725526556,0.589511831,0.472593957
Summer Peak,0.674792767,0.674792767,0.674792767,0.674792767,0.674792767,0.674792767,0.541233407,0.674792767,0.674792767,0.897749448,0.897749448,0.975579575,1.0,1.0,1.0,1.0,1.0,1.0,1.0,1.0,1.0,1.0,0.897749448,0.897749448
Winter Peak,0.804973393,0.804973393,0.883121518,0.883121518,0.883121518,0.897749448,0.897749448,0.975579575,0.975579575,0.897749448,0.897749448,0.897749448,0.897749448,0.819561573,0.674792767,0.897749448,0.897749448,1.0,1.0,1.0,1.0,1.0,0.868692337,0.868692337
