Unit: dimensionless (ratio of electricity demand in this hour to annual demand),Hour0,Hour1,Hour2,Hour3,Hour4,Hour5,Hour6,Hour7,Hour8,Hour9,Hour10,Hour11,Hour12,Hour13,Hour14,Hour15,Hour16,Hour17,Hour18,Hour19,Hour20,Hour21,Hour22,Hour23
Winter,0,0,0,0,0.0,0.0,0.018221001640157157,0.1771598581073349,0.3240273486668955,0.3620503871533739,0.35538486478239306,0.35308387687378406,0.3577344852576573,0.47363638097417704,0.450804821299157,0.3018594804897586,0.08411812945798523,0.029666819239424807,0.0,0,0,0,0,0
Spring,0,0,0,0,7.4627979522082415e-06,0.00011691716791792913,0.20877052891336684,0.333038552814221,0.4141740921506291,0.4449183321144096,0.4543015567396528,0.4526995427792455,0.44468076637959775,0.5117850017661956,0.5019875918546047,0.4481969880147466,0.32262297447225585,0.17773648362910893,0.007170505032413419,0,0,0,0,0
Summer,0,0,0,0,0.00016293775528987994,0.0053421195341224,0.2548159922784919,0.3388806798111415,0.3951464449718154,0.43204127424787436,0.43683487813250943,0.43749657955093885,0.4372590138161266,0.504952810240949,0.4646872838898092,0.4163407911560867,0.328707642402623,0.19874177226525766,0.025448141017030097,0,0,0,0,0
Fall,0,0,0,0,0.0,0.0,0.14458082197948147,0.31009099964545594,0.37640012080761015,0.3887209963251225,0.4013495185516594,0.39064754004565927,0.38721277709307633,0.47047248156464627,0.4438347787100973,0.35668634480067685,0.1624749802562097,0.05355866578874801,0.0,0,0,0,0,0
Summer Peak,0,0,0,0,0.0,0.0,0.14635541824007325,0.31685547545485754,0.3620551550520654,0.4318571918983865,0.42625014303696074,0.44352900789564026,0.42350383339054815,0.41778235496052185,0.27405881679826066,0.4087424190410802,0.44810619063966134,0.203913491246138,0.011900675134454744,0,0,0,0,0
Winter Peak,0,0,0,0,0.0,0.0,0.0,0.19441583705229432,0.3916924133196018,0.3579356905824465,0.203913491246138,0.3222336651790823,0.4574894152649045,0.5529236754777435,0.572605561277034,0.40405080672845867,0.0651104245336995,0.0,0.0,0,0,0,0,0
