Unit: dimensionless (ratio of electricity demand in this hour to annual demand),Hour0,Hour1,Hour2,Hour3,Hour4,Hour5,Hour6,Hour7,Hour8,Hour9,Hour10,Hour11,Hour12,Hour13,Hour14,Hour15,Hour16,Hour17,Hour18,Hour19,Hour20,Hour21,Hour22,Hour23
Winter,0,0,0,0,0,0.017003081244062683,0.1624315579695186,0.08313063070505174,0,0,0,0,0.0,0.0,0.0,0.0,0.0,0.008060422948246696,0.13081144108050116,0.10630935938209947,0.017003081244062683,0,0,0
Spring,0,0,0,0,0,0.0,0.0,0.0,0,0,0,0,0.0,0.0,0.0,0.0,0.0,0.0,0.1319168505871393,0.055627902696043854,0.004498354143732743,0,0,0
Summer,0,0,0,0,0,0.0,0.0,0.0,0,0,0,0,0.005675249123197706,0.058557063533823325,0.3536438647183381,0.6760607826482058,0.95,0.95,0.95,0.95,0.12880461719699865,0,0,0
Fall,0,0,0,0,0,0.0,0.0,0.0,0,0,0,0,0.0,0.0,0.0,0.0,0.015856569734255796,0.41175803844750297,0.4007925499248087,0.036052001833606455,0.0,0,0,0
Summer Peak,0,0,0,0,0,0.0,0.0,0.0,0,0,0,0,0.0,0.0,0.4836253768948018,0.95,0.95,0.95,0.95,0.95,0.0,0,0,0
Winter Peak,0,0,0,0,0,0.0,0.0,0.0,0,0,0,0,0.0,0.0,0.0,0.0,0.0,0.0,0.0,0.0,0.0,0,0,0
