solar pv,Hour0,Hour1,Hour2,Hour3,Hour4,Hour5,Hour6,Hour7,Hour8,Hour9,Hour10,Hour11,Hour12,Hour13,Hour14,Hour15,Hour16,Hour17,Hour18,Hour19,Hour20,Hour21,Hour22,Hour23
Winter,0,0,0,0,0.0,0.0,0.0022585036821684084,0.16640609608383575,0.3999294796734671,0.4594456556112869,0.4634898566619497,0.4628660006288083,0.4646320408420292,0.4744952771470925,0.46069026391621065,0.35646181913546243,0.09835664558324658,0.0004350438838075198,0.0,0,0,0,0,0
Spring,0,0,0,0,7.306771532439021e-05,0.039255468403791204,0.25140725653968327,0.49116894181394805,0.6194383461404908,0.6672310981321394,0.6745760200646154,0.6675343614815832,0.6557316622973703,0.6468290401328902,0.6240939881788589,0.5770066952794125,0.4543699712023461,0.18189852090684572,0.004492694567025339,0,0,0,0,0
Summer,0,0,0,0,0.0002824006623401008,0.07533123140277617,0.3480147125987725,0.530282801105739,0.6119902702235792,0.6637119857201109,0.677816291923717,0.6784884465268173,0.6694509415530904,0.6490093730284967,0.6071703131561813,0.5494511734238504,0.4558849278242566,0.26477489509278657,0.04139323606639306,0,0,0,0,0
Fall,0,0,0,0,0.0,0.0014062752627005516,0.15521592547583712,0.45586138789685937,0.5806746564276968,0.617451387656338,0.6217999184443975,0.6105467906661021,0.6052991019084103,0.6074533751783864,0.587209642929331,0.513701040847974,0.2770693844211709,0.03343755889890001,0.0,0,0,0,0,0
Summer Peak,0,0,0,0,0.0,0.003628814322128123,0.17097069445567584,0.3085087061402696,0.424035876854578,0.5002409776192687,0.5726387977836938,0.6482490109545929,0.7060720850711262,0.7172559718344063,0.682157603800708,0.6210626479183213,0.55050897929465,0.29214929731100353,0.0027959716908200296,0,0,0,0,0
Winter Peak,0,0,0,0,0.0,0.0,0.0,0.15431384182951394,0.5977430542416947,0.590247470559922,0.4855472540526187,0.4543751441379443,0.4371828926773701,0.5078555388197998,0.5538403498198824,0.497980404762861,0.08881671775307029,0.0,0.0,0,0,0,0,0
