pumped hydro,Hour0,Hour1,Hour2,Hour3,Hour4,Hour5,Hour6,Hour7,Hour8,Hour9,Hour10,Hour11,Hour12,Hour13,Hour14,Hour15,Hour16,Hour17,Hour18,Hour19,Hour20,Hour21,Hour22,Hour23
Winter,0,0,0,0,0,0.010388352408202194,0.08223503814973772,0.06473295183595612,0,0,0,0.0,0.0,0.0,0.0,0.0,0.0,0.2328531831187411,0.5203791130185976,0.4220884000953741,0.14970821411540292,0.013314556509298995,0,0
Spring,0,0,0,0,0,0.007872270946072029,0.01794800024880264,0.0,0,0,0,0.0,0.0,0.00012595633513715244,0.007125085525906575,0.010000311003296633,0.09003078932636685,0.2546195652173915,0.5905878739814636,0.573450814828637,0.5100360763824097,0.06266249922249174,0,0
Summer,0,0,0,0,0,0.0,0.0,0.0,0,0,0,0.042784334763948495,0.1534731293151708,0.272641039995024,0.3876185700068422,0.528394989736891,0.6485297319151574,0.7233664551844239,0.8164536294084704,0.7910411612863085,0.6657845835665847,0.17188296945947634,0,0
Fall,0,0,0,0,0,0.0,0.0,0.0,0,0,0,0.0,0.0,0.009327728136213326,0.014151950092638197,0.03920237341401065,0.10506695748024107,0.5541399892117549,0.6506250146579423,0.5557054574450624,0.10787717817021973,0.0,0,0
Summer Peak,0,0,0,0,0,0.0,0.0,0.0,0,0,0,0.0,0.538376251788269,0.6555078683834048,0.8256080114449214,0.8256080114449214,0.8256080114449214,0.8256080114449214,0.8256080114449214,0.8256080114449214,0.8256080114449214,0.0,0,0
Winter Peak,0,0,0,0,0,0.0,0.0,0.0,0,0,0,0.0,0.0,0.0,0.0,0.0,0.0,0.0,0.4739628040057225,0.5860515021459227,0.2090486409155937,0.0,0,0
