solar pv,Hour0,Hour1,Hour2,Hour3,Hour4,Hour5,Hour6,Hour7,Hour8,Hour9,Hour10,Hour11,Hour12,Hour13,Hour14,Hour15,Hour16,Hour17,Hour18,Hour19,Hour20,Hour21,Hour22,Hour23
Winter,0,0,0,0,0.0,0.0,0.0022586625081557946,0.16641779835057383,0.3999576041325927,0.4594779654589436,0.4635224509121646,0.46289855100725485,0.46466471541468574,0.47452864533750017,0.4607226612891366,0.3564868867945664,0.09836356237132805,0.0004350744776360567,0.0,0,0,0,0,0
Spring,0,0,0,0,7.307285370522355e-05,0.03925822898752582,0.25142493638943125,0.4912034825555785,0.6194819072414656,0.6672780201889031,0.6746234586423338,0.6675813048649011,0.6557777756730301,0.6468745274445915,0.6241378766810902,0.5770472724362399,0.45440192410987723,0.18191131265583213,0.004493010509237994,0,0,0,0,0
Summer,0,0,0,0,0.0002824205217560446,0.07533652896208637,0.34803918622739216,0.5303200924726492,0.6120333075494453,0.6637586603004114,0.6778639583688423,0.6785361602402377,0.6694980197171148,0.6490550136689386,0.6072130115255753,0.5494898127786714,0.4559169872689092,0.2647935150022781,0.04139614698553004,0,0,0,0,0
Fall,0,0,0,0,0.0,0.0014063741569635539,0.1552268408100987,0.45589344568610085,0.5807154915285583,0.6174948090273467,0.6218436456195106,0.6105897264813672,0.6053416686875942,0.6074960934537055,0.5872509375936158,0.5137371661267053,0.2770888689227472,0.03343991034660844,0.0,0,0,0,0,0
Summer Peak,0,0,0,0,0.0,0.003629069513218713,0.17098271772115708,0.30853040156643025,0.42406569656103255,0.5002761563386255,0.572679067774481,0.6482945981236774,0.7061217385638182,0.7173064118176725,0.6822055755422785,0.6211063232459567,0.5505476930381308,0.2921698422855263,0.0027961683134635987,0,0,0,0,0
Winter Peak,0,0,0,0,0.0,0.0,0.0,0.15432469372605478,0.5977850896528136,0.5902889788550176,0.4855813994572318,0.45440709740925456,0.43721363692859544,0.5078912530221009,0.5538792978371512,0.49801542451071884,0.08882296365959899,0.0,0.0,0,0,0,0,0
