solar pv dist,Hour0,Hour1,Hour2,Hour3,Hour4,Hour5,Hour6,Hour7,Hour8,Hour9,Hour10,Hour11,Hour12,Hour13,Hour14,Hour15,Hour16,Hour17,Hour18,Hour19,Hour20,Hour21,Hour22,Hour23
Winter,0,0,0,0,0.0,0.0,0.01858435698045245,0.17489216256959061,0.3167539814027074,0.3553724682457947,0.3508997646731047,0.3484529619845073,0.3519057498370623,0.46580993746175314,0.4427658124250611,0.2923655576948911,0.08047781807688667,0.030779563874087677,0.0,0,0,0,0,0
Spring,0,0,0,0,7.4627979522082415e-06,0.00011691716791792913,0.20877052891336684,0.333038552814221,0.4141740921506291,0.4449183321144096,0.4543015567396528,0.4526995427792455,0.44468076637959775,0.5117850017661956,0.5019875918546047,0.4481969880147466,0.32262297447225585,0.17773648362910893,0.007170505032413419,0,0,0,0,0
Summer,0,0,0,0,0.00016704086450881433,0.00538345085381557,0.2551108585768909,0.3363137632465379,0.39259995817401966,0.4286123902232428,0.4347955327748644,0.43581619191548543,0.4359529812848467,0.5038162918769477,0.46359364087266364,0.4105009516068146,0.3213590023846071,0.19513792708863556,0.024818063562337147,0,0,0,0,0
Fall,0,0,0,0,0.0,0.0,0.14458082197948147,0.31009099964545594,0.37640012080761015,0.3887209963251225,0.4013495185516594,0.39064754004565927,0.38721277709307633,0.47047248156464627,0.4438347787100973,0.35668634480067685,0.1624749802562097,0.05355866578874801,0.0,0,0,0,0,0
Summer Peak,0,0,0,0,0.0,0.0,0.14635541824007325,0.31685547545485754,0.3620551550520654,0.4318571918983865,0.42625014303696074,0.44352900789564026,0.42350383339054815,0.41778235496052185,0.27405881679826066,0.4087424190410802,0.44810619063966134,0.203913491246138,0.011900675134454744,0,0,0,0,0
Winter Peak,0,0,0,0,0.0,0.0,0.0,0.19441583705229432,0.3916924133196018,0.3579356905824465,0.203913491246138,0.3222336651790823,0.4574894152649045,0.5529236754777435,0.572605561277034,0.40405080672845867,0.0651104245336995,0.0,0.0,0,0,0,0,0
