solar pv,Hour0,Hour1,Hour2,Hour3,Hour4,Hour5,Hour6,Hour7,Hour8,Hour9,Hour10,Hour11,Hour12,Hour13,Hour14,Hour15,Hour16,Hour17,Hour18,Hour19,Hour20,Hour21,Hour22,Hour23
Winter,0,0,0,0,0.0,0.0,0.002217937654489609,0.1634171993408485,0.39274616158986525,0.4511933400053468,0.4551649012932077,0.4545522506263926,0.4562865701757346,0.46597264833839025,0.4524155933257091,0.3500592437774267,0.0965900164479365,0.00042722985969440247,0.0,0,0,0,0,0
Spring,0,0,0,0,7.175531234463061e-05,0.03855038280646177,0.24689161469771465,0.48234682961377606,0.6083123279306293,0.6552466522316586,0.6624596486292045,0.6555444685280271,0.6439537630746951,0.6352110450184038,0.6128843478322339,0.5666428115468503,0.4462088223081752,0.17863135756675533,0.004411999205048616,0,0,0,0,0
Summer,0,0,0,0,0.00027732833362288526,0.07397817236537443,0.34176385962236433,0.5207581468148975,0.6009980303450018,0.6517907482228921,0.665641720468992,0.6663018021928453,0.6574266240197368,0.6373522159479306,0.5962646467524892,0.5395822271452856,0.44769656809454805,0.2600191509211974,0.040649753036791705,0,0,0,0,0
Fall,0,0,0,0,0.0,0.0013810165032479436,0.1524280205550898,0.4476734509786582,0.5702448907509778,0.6063610581254463,0.610631482943742,0.5995804777904977,0.5944270451941198,0.596542624566987,0.5766624993420074,0.5044742192110663,0.2720928132487981,0.032836971461069515,0.0,0,0,0,0,0
Summer Peak,0,0,0,0,0.0,0.0035636355121952835,0.1678998108532663,0.3029674387908974,0.41641957263816354,0.4912559183942646,0.5623533678752755,0.6366055110883936,0.693389998266325,0.7043730060744021,0.6699050560384151,0.6099074548740779,0.5406210332763141,0.2869018688588695,0.002745751952019317,0,0,0,0,0
Winter Peak,0,0,0,0,0.0,0.0,0.0,0.15154213964974694,0.5870067151891509,0.5796457631475673,0.4768261155825886,0.44621390233028807,0.4293304488380842,0.49873371094444485,0.5438925675170179,0.4890359487309298,0.08722143966733702,0.0,0.0,0,0,0,0,0
